羅馬字	漢字	頻率
ah	軛	2
ah-lah	阿拉	35
ah-nyiang	阿孃	1
ah-tia	阿爹	2
ao	嶴	2
ao-dön	拗斷	1
ao-hwe	懊悔	7
ao-miao	奧妙	17
ao-tsao	鏖糟	5
ao-tsao	懊糟	1
ba	敗	7
ba-de	敗了	1
ba-diao	敗掉	3
ba-leo	牌樓	1
bah	拔	1
bah	白	1
bah-bah	白白	2
bah-de	白了	1
bah-eng	白恩	1
bah-lih-lih	白力力	1
bah-nyih	白日	3
bao	抱	4
bao-nyiah	暴虐	2
bao-zông	抱上	1
be	被	29
be-be	備備	3
be-bæn	備辦	4
be-hao	備好	2
be-hao-kæn	備好間	2
beh-cʽih	鼻出	1
beng	笨	1
beng-yiu	朋友	16
beng-yiu-kô	朋友家	1
bi-ko	避過	2
bih	別	2
bih-cʽü	別處	1
bih-go	別個	1
bih-nyiang-kao	別樣告	5
bih-nying	別人	4
bih-shü	別書	1
bih-yiang	別樣	1
bing	病	6
bing-di	平地	1
bing-dzih	平直	2
bing-en	平安	1
bing-en-ts	平安之	1
bing-kyü	憑據	2
bing-tsing	病症	1
bing-tʽin-kwun	平天冠	1
bing-tʽong	病痛	5
bing-tʽæn	平坦	1
bing-zin	貧賤	1
bo	縛	1
bo-djü	縛住	1
bu	步	1
bu-bu	步步	2
bæn	辦	8
bô-kyʽi	爬起	3
bông	棒	2
bông-feh-djôh	防弗着	1
bông-pin	旁邊	3
bông-tao	防到	1
cing	准	5
cing-dong	震動	1
coh-cün	折轉	1
coh-foh	祝福	4
coh-tsæn	祝讚	6
coh-veng	祝文	1
coh-zia	祝謝	16
cong	衆	8
cong	中	4
cong	終	1
cong-læ	種來	1
cong-nyiang	中央	1
cong-nying	衆人	7
cong-pao	中保	12
cong-sing	忠信	1
cong-ü	終於	1
công	掌	1
công-kwun	掌管	2
cü	主	156
cü-dao	知道	1
cü-ding	註定	2
cü-go	主個	21
cü-i	主意	7
cü-kwu	主顧	16
cü-nao	主腦	1
cü-ngæn-beh-deo	嘴眼鼻頭	1
cü-pô	嘴巴	1
cü-sih	知識	6
cü-sing	注心	1
cü-ts	珠子	2
cü-tsoh	知足	2
cü-tsoh	製作	1
cü-tsæ	主宰	19
cü-voh	制服	1
cü-we	智慧	1
cün-læ	轉來	3
cʽih	出	17
cʽih-lih	出力	1
cʽih-ling	出令	1
cʽih-læ	出來	1
cʽih-meng	出門	1
cʽih-meng-go	出門個	1
cʽih-meng-kæn	出門間	1
cʽih-nyiang-tʽæ	出娘胎	1
cʽih-tʽæ	出胎	1
cʽih-yin	出現	2
cʽing-ʽô-tsʽiu-tong	春夏秋冬	2
cʽoh-væn	觸犯	1
cʽong-mun	充滿	3
cʽô-beh	扯鈸	1
cʽô-dæn	扯淡	1
cʽü	吹	1
cʽü	處	1
cʽü-djôh	吹着	2
cʽü-feh-tao	吹弗到	1
cʽü-joh	取贖	17
cʽü-joh-de	取贖了	2
cʽü-joh-go	取贖個	4
cʽü-joh-liao	取贖了	2
cʽü-ko	吹過	1
cʽü-kyʽi	吹去	1
cʽü-læ	吹來	1
cʽü-siao	取笑	1
cʽün	穿	2
cʽün-go	穿個	1
cʽün-in	穿厭	1
cʽün-zông	穿上	4
da	大	11
da-bih	大闢	4
da-dz	大慈	13
da-dzing	大臣	1
da-dzæ	大才	1
da-eng	大恩	1
da-pe	大悲	13
da-tsiu	大洲	1
da-tsoh-yüong	大作用	1
dah-kyiah-teng	踏腳凳	2
dao	道	5
dao	稻	1
dao-ko	逃過	1
dao-li	道理	6
dao-meng	逃門	1
dao-yi	道義	2
dao-zeh	盜賊	1
deh-i	特意	2
deh-leh	奪勒	1
deh-we	特爲	1
deng	庉	20
deng-ba	盾牌	3
deng-feh-djü	庉弗住	2
deng-lao	庉牢	1
deng-leh	庉勒	1
deng-læ	庉來	4
deng-lôh-go	庉落個	1
deng-nying-ts	庉人之	1
deng-sing-ts	庉身之	4
deng-zông	騰上	1
deo	頭	4
deo-fah	頭髮	1
deo-ih	頭一	1
deo-kying	頭頸	1
deo-teng	頭頂	1
deo-we	頭會	1
deo-zông	頭上	3
di	地	36
di-bu	地步	1
di-di	弟弟	1
di-fông	地方	7
di-kyʽi	提起	2
di-ming	地名	1
di-nyi	第二	2
di-nyüoh	地獄	10
di-nyüoh-go	地獄個	3
di-nyüoh-li	地獄裏	2
di-sæn	第三	1
di-sæn-zeng	第三層	1
di-ts	地之	4
di-ts-gyih	地之極	1
di-we	地位	6
di-yiang	地垟	2
di-zông	地上	2
di-ʽô	地下	19
di-ʽô-go	地下個	1
diao	調	3
diao-bah	調白	1
diao-bi	調皮	2
diao-kao	調覺	1
diao-kao-cün-læ	調覺轉來	1
diao-kao-de	調覺了	1
diao-læ-wun-kyʽi	調來換去	1
diao-wun	調換	1
din-deo	田頭	1
din-li	田裏	1
din-pæn	田畈	2
ding	定	3
ding-go	定個	1
ding-hao	定好	2
ding-kwe	定規	5
ding-kyin	定堅	1
djih-kʽæ	絕開	1
djoh-nyih	逐日	2
djoh-tsih	逐節	2
djong	重	7
djong-deo	重頭	1
djong-djong	重重	1
djong-dzi	蟲豸	2
djong-dzi-ts	蟲豸之	1
djong-seng	重生	4
djong-sin	重先	2
djong-sing	重新	1
djong-tæn	重擔	3
djong-tæn-go	重擔個	1
djô	搽	1
djôh-nyih	逐日	2
djông	常	7
djông-djôh	撞着	1
djông-djông	常常	32
djü	住	10
djü	治	1
djü-cʽih	除出	3
djü-diao	除掉	2
djü-kyʽü	除去	1
djü-kæn-go	住間個	1
djü-læ	住來	1
djü-mih	除滅	2
djü-wun	治完	1
djün	傳	18
djün-be	全備	12
djün-djün	全全	4
djün-fu	全副	2
djün-ko	全個	9
djün-kwông	傳廣	1
djün-kyʽi	傳去	2
djün-kʽæ	傳開	7
djün-læ	傳來	2
djün-lôh	傳落	1
djün-lôh-læ	傳落來	2
djün-neng	全能	10
djün-neng-go	全能個	1
djün-peh	傳撥	1
djün-pin	傳遍	1
djün-yiang	傳揚	4
do	大	54
do	馱	4
do-do	大大	1
do-fong	大風	1
do-leh	馱勒	1
do-leh-kying	大勒緊	1
do-læ	馱來	1
do-nyiang	大樣	11
do-nying	大人	3
do-siao	大小	1
doh	獨	2
doh	讀	2
doh-doh	獨獨	4
doh-dzô	毒蛇	1
doh-ih	獨一	5
doh-ih-go	讀一個	1
doh-kyʽi	毒氣	3
doh-meng	獨門	7
doh-shü	讀書	1
doh-yiang	獨養	3
doh-zi	獨自	2
dong	同	9
dong	動	1
dong-de	同隊	5
dong-dzô	銅蛇	1
dong-hyiang	同享	1
dong-nyü-go	童女個	2
dong-sing	同心	7
dong-sing-ʽeh-i	同心合意	3
dong-tsoh	動作	1
dong-tông	同當	1
du	度	1
du-ko	渡過	1
du-kyi	肚飢	2
du-liang	度量	2
du-wô	圖畫	1
dz-pe	慈悲	34
dz-pe-go	慈悲個	1
dz-pe-sing	慈悲心	1
dz-pe-ts	慈悲之	2
dz-ziang	慈祥	1
dz-æ	慈愛	21
dza	咋	43
dza-nyiang	咋樣	23
dza-we	咋會	8
dzao-hwô	造化	2
dzeng	存	9
dzeng	曾	1
dzeng-go	存個	1
dzeng-læ	存來	1
dzi	池	4
dzi-tsao	遲早	3
dziah	着	1
dziah-lih	着力	1
dziang	長	14
dziang-kyiu	長久	2
dziang-nyin	長年	2
dziang-seng	長生	2
dziang-si	詳細	1
dziang-tʽong	長通	7
dziang-yün	長遠	3
dziang-yün-ts	長遠之	1
dziao	召	5
dziao	朝	2
dziao-læ	召來	1
dziao-læ-go	召來個	1
dzih	直	1
dzih-deo	直頭	1
dzih-din	值鈿	3
dzih-nyih	值日	1
dzih-tao	直到	3
dzih-teng	直等	1
dzih-yia	值夜	1
dzin-ziao	纏擾	1
dzing	成	3
dzing	剩	1
dzing	盡	1
dzing-gyiu	仍舊	12
dzing-jih	誠實	4
dzing-jih-vu-ngwe	誠實無危	1
dzing-jih-vu-vông	誠實無妄	1
dzing-kong	成功	1
dzing-leh	成了	1
dzing-lôh	沉落	2
dzing-meng	城門	1
dzing-nyün	情願	12
dzing-sing	盡心	6
dzing-sing	誠心	2
dzing-sing-gyih-lih	盡心竭力	2
dzing-veng	情分	1
dziu-dih	仇敵	17
dziu-dih-go	仇敵個	1
dzoh-veng	族份	3
dzong	從	33
dzong-jün	從善	1
dzong-kwu-yi-læ	從古以來	1
dzong-s-tao-cong	從始到終	1
dzong-siao-tao-do	從小到大	3
dzong-sin	從先	1
dzong-tsæn	頌讚	3
dzong-yiang	頌揚	1
dzong-zin	從前	2
dzu	助	13
dzæ	在	57
dzæ-hyiang	財鄉	1
dzæ-kô	在家	1
dzæ-nen	在內	1
dzæ-neng	財能	1
dzæ-nga	在外	1
dzæ-s	纔始	3
dzæ-shü	在世	3
dzæ-sing	在心	3
dzæ-veh	財物	5
dzæ-zin	在前	1
dzæ-ü	在於	16
dzæ-ʽeo	在後	1
dzæn-z	暫時	2
dzô	查	1
dzô	蛇	1
dzô-ko-tih-de	搽過的了	1
dæ	代	16
dæ	待	5
dæ	抬	1
dæ-deo	抬頭	1
dæ-gyiu	代求	1
dæ-joh	代贖	1
dæ-ko	抬過	1
dæ-kyʽi	抬起	2
dæ-tæn-kyʽi	抬帶起	3
dæ-ziu	代受	4
dæn	但	15
dæn	彈	5
dæn	淡	1
dæn-ming	但明	3
dæn-nyün	但願	47
dæn-tsʽông	彈唱	1
dæn-z	但是	5
dô-kô	大家	26
dông-ngen	蕩岸	1
dông-pin	蕩邊	1
dön-dön-kyʽün-kyʽün	團團圈圈	1
dön-kyʽün	團圈	10
dön-kʽæ	斷開	2
en	安	1
en	按	1
en	暗	1
en-bing	按平	1
en-dong	暗洞	2
en-en	安安	1
en-en-tæn-tæn	安安耽耽	1
en-en-w̆eng-w̆eng	安安穩穩	1
en-gyin	案件	1
en-jü	暗如	1
en-lih-boh-long	暗力薄朧	1
en-loh	安樂	2
en-pʽin	暗騙	1
en-sih	安息	5
en-sing	安心	1
en-tsông	安葬	1
en-tæn	安耽	19
en-tæn-feh-læ	安耽弗來	1
en-tʽin-ʽô	安天下	1
en-w̆e	安慰	19
en-w̆eng	安穩	13
eng	恩	100
eng-cʽong	恩寵	1
eng-dz	恩慈	4
eng-iah	恩約	3
eng-nying	恩人	1
eng-s	恩賜	1
eng-sô	恩赦	1
eng-sông	恩賞	1
eng-tin	恩典	2
eng-we	恩惠	70
eng-zo	恩座	2
eng-zo-zin	恩座前	1
eng-zông	恩上	3
eng-üong-yün	恩永遠	1
eo	謳	19
eo-hyiang	謳響	1
eo-tao	傴倒	1
eo-tæn-tao	謳單倒	1
fah	發	7
fah	法	1
fah-cʽih	發出	7
fah-du	法度	6
fah-ko	發過	1
fah-kwông	發光	1
fah-kyʽi	發起	1
fah-kyʽi-læ	發起來	1
fah-lao	法老	2
fah-lih	法力	1
fah-nu	發怒	1
fah-ts	法子	1
fah-tseh	法則	2
fah-tsoh	發作	2
feh	弗	87
feh-cü	弗知	1
feh-deng	弗庉	1
feh-djü	弗住	1
feh-dzing	弗盡	1
feh-hao	弗好	1
feh-hyiao-teh	弗曉得	1
feh-hyih	弗歇	3
feh-hyü	弗許	2
feh-iao	弗要	2
feh-jün	弗然	1
feh-ken	弗敢	5
feh-keo	弗夠	2
feh-ko	弗過	1
feh-koh	弗覺	1
feh-kyin	弗見	1
feh-kæ	弗該	1
feh-kʽeng	弗肯	7
feh-kʽo	弗可	15
feh-kʽo-yi	弗可以	1
feh-leng	弗論	6
feh-læ	弗來	1
feh-mun	弗滿	1
feh-neng	弗能	16
feh-neng-keo	弗能夠	6
feh-ngæ	弗礙	1
feh-nying	弗認	1
feh-pin	弗變	2
feh-pʽô	弗怕	8
feh-si-go	弗死個	1
feh-siang-tao	弗想到	1
feh-sæ	弗衰	1
feh-sô	弗捨	1
feh-sô-teh	弗捨得	2
feh-sông	弗傷	1
feh-tao	弗到	3
feh-teh	弗得	2
feh-teh-feh-kông	弗得弗講	1
feh-teh-feh-tso	弗得弗做	1
feh-tsiao	弗照	3
feh-tso	弗做	2
feh-tsoh	弗足	1
feh-tsʽeng	弗忖	1
feh-tʽing	弗聽	2
feh-we	弗會	14
feh-wun	弗完	1
feh-yüong	弗用	1
feh-z	弗是	5
feh-zing	弗曾	9
feng-fu	吩咐	11
feng-kʽæ	分開	1
feng-leh	分勒	1
feng-ming	分明	1
feng-wu	粉糊	1
feng-wun	分完	1
fi-dæn	非但	1
fi-feh-diao	廢弗掉	4
fi-gying	飛禽	2
fi-leh	飛勒	1
fi-lih	費力	1
fi-lön	飛亂	1
fi-pao	飛報	2
fi-væn	非凡	11
fi-væn-go	非凡個	1
fi-wun	費完	1
fi-zông-kyʽi	飛上去	1
foh	福	34
foh-di	福地	14
foh-ing	福音	26
foh-ing-go	福音個	2
foh-kyʽi	福氣	28
foh-li	福禮	1
foh-nyün	福源	1
foh-yün	福園	1
foh-yün-li	福園裏	1
fong	風	4
fong-lông	風浪	2
fong-shü	風水	2
fong-yü	風雨	1
fong-yüing	風雲	1
fu-fu	敷敷	1
fu-kwe	富貴	3
fu-tsoh	富足	2
fu-tsoh-go	富足個	1
fu-tsoh-leh-kying	富足勒緊	1
fu-tsʽi	夫妻	4
fæn	翻	1
fæn-hyiang	反向	1
fæn-we	反爲	1
fông	放	4
fông-cʽih	放出	1
fông-diao	放掉	1
fông-dzæ	方才	1
fông-fah	方法	4
fông-fông	放放	1
fông-leh	放勒	2
fông-læ	放來	1
fông-sing	放心	8
fông-tæn	放膽	5
fông-yin	方言	1
gwa-li	懷裏	4
gwah-gwah-teo	刮刮抖	2
gyi	其	674
gyi-go	其個	23
gyi-gyi-kwa-kwa	奇奇怪怪	1
gyi-kwa	奇怪	1
gyi-lah	其拉	7
gyi-tao	祈禱	2
gyi-zi	其自	9
gyi-zi-go	其自個	1
gyi-ʽao	旗號	3
gyi-ʽô	旗下	1
gyiang	滰	15
gyiang-dao	強盜	1
gyiang-diao	滰掉	4
gyiang-kyʽi	滰去	4
gyiang-leh-kyʽi	滰勒去	1
gyih	極	4
gyih-lih	竭力	4
gyin	虔	1
gyin-dzing	虔誠	1
gyin-sing	虔心	13
gyin-sing-kyʽi-læ	虔心起來	1
gying	琴	6
gying	近	2
gying-dao	勁道	1
gying-gying	近近	1
gying-long	近攏	3
gying-long-læ	近攏來	1
gying-siu	禽獸	1
gyiu	求	59
gyiu-cü	求主	1
gyiu-gyiu	求求	2
gyiu-kʽeng	求懇	11
gyiu-pa	求拜	3
gyü-gyih	拒極	1
gyü-lôh	跪落	4
gyü-tao	跪倒	2
gyün	權	3
gyün-neng	權能	4
gyün-ping	權柄	28
gyün-shü	權勢	1
gyüong-kwʽu	窮苦	3
gæ	戤	1
gæ-djôh	戤着	1
hah	喝	2
hah	瞎	1
hah-de	瞎了	1
hah-leh	喝勒	1
hah-li-lu-yia	哈利路呀	4
hah-ngæn	瞎眼	5
hah-tao	嚇到	1
hah-ts	瞎子	2
hao	好	239
hao-cʽü	好處	11
hao-hao	好好	3
hao-hao-go	好好個	1
hao-kʽen	好看	3
hao-lao-go	好老個	1
hao-nyih-go	好日個	1
hao-nying	好人	1
hao-s	好詩	1
hao-sing	好心	3
hao-tæ	好歹	1
hao-tʽing	好聽	1
hao-vong	好甮	7
hao-z	好事	2
heh-en	黑暗	3
heh-yia	黑夜	6
heh-yüing	黑雲	1
heng	狠	1
heo	鱟	1
ho	火	3
ho-djü	火柱	2
ho-yin	火焰	1
hong	哄	2
hong-yiu	哄誘	6
hwe	灰	2
hwe-dzing	灰塵	2
hwe-kæ	悔改	3
hwe-wæ	毀壞	1
hwe-ze	悔罪	4
hweh	豁	1
hweh-jün	忽然	1
hwun-hyi	歡喜	61
hwun-hyi-siang	歡喜相	1
hwun-tʽin	歡天	1
hwô	花	6
hwô	化	1
hwô-kong	化功	3
hwô-kyih	化吉	2
hwô-yün	花園	1
hyi-di	喜地	1
hyi-gyi	稀奇	10
hyi-gyi-go	稀奇個	2
hyi-gyi-kwu-kwæ	稀奇古怪	1
hyi-gyi-leh-kying	稀奇勒緊	1
hyiang	享	16
hyiang	向	5
hyiang	香	2
hyiang	響	1
hyiang-djôh	向着	6
hyiang-foh	享福	4
hyiang-hyiang	響響	3
hyiang-ing	響應	2
hyiang-kyʽi	香氣	1
hyiang-le	響雷	2
hyiang-liao	向了	1
hyiang-tsʽeng	鄉村	1
hyiang-wun	享完	1
hyiao-jing	孝順	1
hyiao-teh	曉得	6
hyin	顯	3
hyin	獻	1
hyin-cʽih	顯出	16
hyin-cʽih	獻出	1
hyin-cʽih-læ	顯出來	7
hyin-hoh	險𢞕	2
hyin-hyin	險險	1
hyin-ling	顯靈	1
hyin-ming	顯明	1
hyin-yiang	顯揚	1
hyin-zông	獻上	7
hying	興	1
hying-kyʽi	興起	1
hying-kyʽi-læ	興起來	1
hying-wông	興旺	3
hyü	虛	3
hyü	許	1
hyü-hwô-z	虛花事	1
hyü-to	許多	24
hyüih	血	29
hyüih-sing	血心	3
hyüing-zông	熏上	1
hyüong-di	兄弟	4
hyüong-kwun-deo	胸脘頭	6
hyüong-kwun-deo-li	胸脘頭裏	2
hyüong-wæ	胸懷	1
hæ	海	9
hæ-lu	海路	1
hæ-lông	海浪	1
hæ-pin	海邊	2
hæ-shü	海水	1
hæ-tao	海島	1
hæ-yiang	海洋	3
i	依	9
i	醫	5
i	衣	4
i	挔	1
i-cʽün	衣穿	2
i-dzong	依從	6
i-hao	醫好	5
i-jing	依順	1
i-kʽao	依靠	19
i-leh	依勒	1
i-liang	醫亮	2
i-lu	依路	1
i-læn	依賴	3
i-pin	依邊	2
i-sang	醫生	3
i-sing	依心	6
i-sing-mun-tsoh	依心滿足	4
i-tsoh	意足	1
i-voh	衣服	3
i-zông	衣裳	1
iah	約	1
iah-dæn	約但	3
iang	養	4
iang-ts	秧子	1
iao	要	141
iao-feh-leh	要弗勒	1
iao-go	要個	1
iao-kying	要緊	11
iao-si	要死	1
iao-siang	要想	6
ih	一	17
ih-bu	一步	3
ih-cong	一種	1
ih-cü	一株	1
ih-cʽü	益處	5
ih-da	一埭	2
ih-de	一隊	2
ih-ding	一定	2
ih-du	一堵	1
ih-dzih	一直	10
ih-dzih-lôh-læ	一直落來	1
ih-go	一個	2
ih-hyiang	一向	3
ih-kyü	一句	2
ih-kyün	一卷	1
ih-kæ	一概	1
ih-kʽen	一看	6
ih-lu	一路	1
ih-ngæn	一眼	10
ih-nyih	一日	2
ih-pæn	一般	1
ih-pʽin	一片	1
ih-pʽin	一篇	1
ih-sang	一生	9
ih-sang-ih-si	一生一世	1
ih-si	一世	9
ih-sing	一聲	2
ih-tao	一到	2
ih-tin	一點	1
ih-ts	𥣘子	1
ih-tsah	一隻	1
ih-tseo-tao	一走到	1
ih-tsʽeng-djôh	一忖着	2
ih-tsʽeng-kyʽi	一忖起	1
ih-tsʽih	一切	30
ih-tʽah	一𡍲	1
ih-tʽi	一體	2
ih-væn-væn	一萬萬	1
ih-we	一位	7
ih-yiang	一樣	13
ih-z-li	一時裏	1
ih-zi	一徐	2
ih-zông	一晌	2
ih-zông-kyʽi	一上去	1
in-tseng	嫌憎	2
ing	因	3
ing	應	3
ing	印	1
ing-cün	印轉	1
ing-dzing	應承	6
ing-gying	殷勤	1
ing-he	應許	1
ing-hyü	應許	30
ing-kæ	應該	7
ing-mun	隱瞞	1
ing-nyin	應驗	1
ing-s-li	陰司裏	1
ing-teh	應答	1
ing-tsing	印證	1
ing-tông	應當	2
ing-we	因爲	20
iu-kæn	幽間	1
iu-li	憂慮	3
iu-meng	憂悶	12
jih	入	1
jih-dzæ	實在	11
jih-feng	十分	2
jih-lin	習練	1
jih-we	實惠	5
jih-yiang	十樣	1
jih-yüih	日月	3
jih-yüih-sing	日月星	1
jih-yüih-ts	日月之	1
jih-z-kô	十字架	19
jih-z-kô-go	十字架個	5
jing	神	32
jing	慎	1
jing	純	1
jing-dao	神道	2
jing-kwông	神光	1
jing-ling	神靈	4
jing-liu	順流	5
jing-ming	神明	64
jing-ming-go	神明個	4
jing-næ	忍耐	5
jing-ts	神子	12
jing-tsah	順隻	1
jing-tsih	神蹟	2
jing-tʽong	神通	1
jing-veh	人物	2
jing-vu	神父	4
jing-vu-go	神父個	2
jing-z	純是	2
jing-ze	認罪	3
jing-ze	純粹	1
jing-ʽa	神啊	1
joh	贖	2
joh-ko	贖過	1
joh-ze	贖罪	6
joh-ze-go	贖罪個	2
jü	誰	6
jü	樹	5
jü-de	聚隊	1
jü-ko	如果	4
jü-kying	如今	1
jü-ling	樹林	1
jü-long	聚攏	7
jü-long-kæn	聚攏間	2
jü-lôh	乳酪	1
jü-moh	樹木	1
jü-noh	誰儂	1
jü-sing	如心	1
jü-sing-ziang-i	如心像意	1
jü-siu	聚首	1
jü-tsoh	聚足	1
jü-tsʽ	如此	9
jün	船	2
jün	善	1
jün-li	船裏	1
jün-r	然而	1
jün-ôh-go	善惡個	1
jün-ü	擅於	1
jün-ʽeo	然後	2
ka	介	98
ka-diao	介掉	2
ka-go	介個	2
ka-ni	介呢	1
kah-hæ	隔海	1
kah-kʽæ	隔開	1
kah-nga	格外	7
kao	高	17
kao	教	7
kao-do	高大	1
kao-hying	高興	35
kao-hyüing	教訓	7
kao-jü	高如	1
kao-kao	高高	1
kao-sing	高聲	7
kao-su	告訴	1
kao-sæn	高山	1
kao-ti	高低	1
kao-tsin	交戰	1
kao-tʽin	高天	1
keh	箇	27
keh-cong-ka	箇種介	2
keh-da	箇埭	1
keh-deo	箇頭	18
keh-go	箇個	5
keh-kwʽe	箇塊	1
keh-lah	箇拉	2
keh-meh	箇末	1
keh-nyih	箇日	1
keh-pe	箇杯	1
keh-peng	箇本	1
keh-pin	箇邊	2
keh-pæn	箇班	7
keh-sing	箇星	7
keh-ten	箇𡍲	5
keh-tsao	箇遭	13
keh-we	箇位	4
keh-zông	箇晌	3
ken	感	5
ken	敢	1
ken-cʽih	趕出	3
ken-dong	感動	7
ken-eng	感恩	5
ken-hwô	感化	5
ken-ko	干戈	1
ken-sing	甘心	6
ken-tseo	趕走	3
ken-zia	感謝	9
ken-zia-go	感謝個	4
ken-zing	乾淨	9
keng	根	8
keng	更	3
keng	跟	2
keng-djôh	跟着	3
keng-kæ	更改	1
keng-kô	更加	1
keng-nyün	根源	4
keng-sing	根深	1
keo-diao	勾掉	1
ko	歌	20
ko	過	8
ko-fu	歌賦	1
ko-hao	過好	1
ko-jü	過如	2
ko-jün	果然	1
ko-ko	個個	1
ko-kyʽi	過去	13
ko-leh	過勒	1
ko-sing-feh-kyʽi	過心弗去	1
ko-ts	果子	2
ko-tsʽông	歌唱	17
ko-tön	果斷	1
ko-yia	過夜	1
ko-yiang	過洋	1
ko-zia	過謝	1
ko-ü	過於	4
koh-koh-tʽa	各各他	1
koh-kô	國家	11
koh-su	國數	2
koh-tang-koh	國打國	1
koh-veng	國份	5
kong	功	3
kong-bing	公平	1
kong-bing-ts	公平之	1
kong-dao	公道	1
kong-din	工鈿	1
kong-hyi	恭喜	6
kong-kong	恭恭	1
kong-kying	恭敬	3
kong-lao	功勞	24
kong-we	公會	3
kong-we-ts	公會之	1
kong-yi	公義	9
kong-zông	供上	1
kwe	歸	27
kwe-djong	貴重	2
kwe-i	皈依	2
kwe-jing	鬼神	1
kwe-keng	歸根	1
kwe-peh	歸撥	12
kwe-tsing	歸正	3
kwe-tʽin	歸天	1
kwe-tʽu	歸土	2
kwe-voh	歸服	5
kwe-zin	貴賤	2
kwe-ü	歸於	7
kweh-deo	骨頭	1
kweh-joh	骨肉	2
kweng-djong	昆蟲	1
kwu	固	1
kwu-djôh	顧着	7
kwu-kwu	固固	1
kwu-nying	古人	1
kwu-z	古事	1
kwu-z-tsin	古時節	1
kwun	管	4
kwun-djü	管治	3
kwun-li	管理	7
kwun-min	冠冕	10
kwun-siu	管守	1
kwun-tsiang	官長	1
kwæn	關	1
kwæn-ngæ	關礙	1
kwæn-yi	關係	2
kwô-læ	掛來	1
kwông	光	2
kwông	廣	2
kwông-da	廣大	1
kwông-kwʽeh	廣闊	3
kwông-kwʽeh-leh-kying	廣闊勒緊	1
kwông-liang	光亮	2
kwông-ming	光明	4
kwông-tsiao	光照	2
kwông-tsʽæ	光彩	2
kwông-wô	光華	1
kwông-ʽang	廣行	1
kwʽa	快	21
kwʽa-iao	快要	2
kwʽa-kwʽa	快快	11
kwʽa-kwʽa-weh-weh	快快活活	1
kwʽa-loh	快樂	26
kwʽa-si	快死	1
kwʽa-weh	快活	3
kwʽa-weh-leh-kying	快活勒緊	2
kwʽa-weh-vu-pi	快活無比	1
kwʽe-kah	盔甲	1
kwʽeng	睏	3
kwʽeng-joh	睏熟	2
kwʽeng-kao	睏覺	2
kwʽeng-ko	睏過	2
kwʽeng-kwʽu	困苦	2
kwʽu	苦	13
kwʽu-feh-ko	苦弗過	1
kwʽu-go	苦個	1
kwʽu-leo	骷髏	1
kwʽu-lôh	枯落	1
kwʽu-nao	苦惱	5
kwʽu-nying	苦人	1
kwʽu-næn	苦難	24
kwʽu-næn-go	苦難個	2
kwʽu-sah	苦煞	1
kwʽu-tsʽu	苦楚	22
kwʽun-ʽong	寬宏	2
kwʽông-iæ	曠野	13
kyi	記	1
kyi-bun-ts	羈絆之	1
kyi-jün	既然	10
kyi-kao	計較	3
kyi-kyi-wu	幾幾乎	1
kyi-lao	記牢	1
kyi-lu-ping	基路冰	1
kyi-meo	計謀	1
kyi-nyih	幾日	2
kyi-nyiæn	記念	5
kyi-sing	肌身	17
kyi-sing-go	肌身個	1
kyi-su	計數	1
kyi-teh	記得	14
kyi-toh	基督	10
kyi-z	幾時	9
kyi-z	記事	1
kyi-ʽao	記號	2
kyiah	腳	6
kyiah-bu	腳步	6
kyiah-ing	腳印	1
kyiah-keng	腳跟	1
kyiah-ʽô	腳下	4
kyiao	教	1
kyiao-meng	教門	2
kyiao-ngao-go	驕傲個	1
kyiao-we	教會	1
kyih	吉	1
kyih-bah	潔白	2
kyih-dong	激動	3
kyih-dong-kyʽi	激動起	1
kyih-dzing	結成	1
kyih-dziu	結仇	1
kyih-joh	結熟	1
kyih-ko	結果	1
kyih-kyih	結結	2
kyih-kyih	潔潔	1
kyih-li	棘籬	1
kyih-mih	今末	16
kyih-mih-ts	今末子	2
kyih-tông	結黨	1
kyih-zing	潔淨	3
kyin	見	6
kyin-kwu	堅固	5
kyin-kyin	堅堅	1
kyin-sih	見識	1
kyin-sing	堅信	1
kying	金	2
kying	緊	1
kying-cü	景緻	2
kying-djong	敬重	1
kying-djü	禁住	1
kying-dzing	京城	1
kying-ko	經過	1
kying-kying	敬敬	1
kying-lih-ko	經歷過	1
kying-lin	經練	1
kying-si	今世	9
kying-sing	謹醒	2
kying-sing	警醒	1
kying-ts	金子	7
kying-ts-go	金子個	1
kying-z	金字	1
kying-z-ka	今是介	1
kying-æ	敬愛	2
kyiu	救	52
kyiu-cü	救主	125
kyiu-cü-go	救主個	9
kyiu-cün	救轉	3
kyiu-cün-læ	救轉來	1
kyiu-cʽih	救出	1
kyiu-fah	救法	3
kyiu-go	救個	1
kyiu-joh	救贖	8
kyiu-joh-go	救贖個	4
kyiu-kyiu	救救	1
kyiu-shü-cü	救世主	3
kyiu-sing	救星	2
kyiu-tsiu	九州	5
kyiu-voh	救復	1
kyiu-wun	救完	1
kyü-djü	居住	1
kyü-dong	舉動	1
kyü-tang-kyü	句打句	2
kyü-zông	舉上	1
kyüih-i	決意	1
kyüing	君	4
kyüing-wông	君王	2
kyüing-wông-ts	君王之	1
kyüoh-teh	覺得	4
kyüô-li-li-go	加利利個	1
kyüô-nen	迦南	11
kyüô-pah-lih	加百列	1
kyʽi	去	58
kyʽi	起	2
kyʽi-de	去了	1
kyʽi-deo	起頭	1
kyʽi-diao	棄掉	8
kyʽi-djih	棄絕	2
kyʽi-feh	豈弗	3
kyʽi-gyi	去其	1
kyʽi-gyih	棄極	1
kyʽi-gyiu	棄舊	2
kyʽi-hyüih-sing	起血心	1
kyʽi-kô	起家	1
kyʽi-kʽang	溪坑	1
kyʽi-lih	氣力	2
kyʽi-læ-de	起來了	1
kyʽi-mo	企慕	6
kyʽi-ngao	氣傲	1
kyʽi-siu	起首	1
kyʽi-vu	欺侮	3
kyʽi-zia	棄邪	2
kyʽi-zia	起邪	1
kyʽiah-hao	恰好	1
kyʽiao	巧	1
kyʽiao-leh	巧勒	1
kyʽih-hoh	喫𢞕	4
kyʽin	欠	3
kyʽin-hyü	謙虛	1
kyʽin-tsao	欠早	1
kyʽing	輕	3
kyʽing-kʽen	輕看	1
kyʽing-mæn	輕慢	1
kyʽü	虧	1
kyʽü-leh	虧勒	6
kyʽü-shü	去世	4
kyʽüih	缺	6
kyʽüih-cʽü	缺處	1
kyʽüih-siao	缺少	3
kyʽüih-vah	缺乏	1
kyʽün	勸	5
kyʽün-sing	勸心	1
kyʽün-tʽao	圈套	3
kyʽüoh	喫	10
kyʽüoh-feh-wun	喫弗完	1
kyʽüoh-go	喫個	1
kyʽüoh-ko	喫過	1
kyʽüoh-kwʽu	喫苦	3
kyʽüoh-leh	喫勒	1
kyʽüoh-pong	曲崩	1
kyʽüoh-ts	曲子	3
kyʽüoh-ts	喫仔	2
kyʽüoh-wun	喫完	1
kyʽüoh-yüong	喫用	1
kyʽüoh-zih	喫食	3
kyʽüong-tsʽông	穹蒼	1
kæ	該	16
kæ-hwe	改悔	1
kæ-ko	改過	1
kæ-kwun	該管	6
kæ-leh-lao	蓋勒牢	1
kæ-pin	改變	1
kæ-pin	該變	1
kæ-ôh	改惡	1
kæ-ôh-dzong-jün	改惡從善	1
kæn-dzeh	揀擇	2
kæn-lôh	減落	1
kæn-shün	揀選	9
kæn-shün-go	揀選個	3
kô	加	8
kô-be	加倍	2
kô-din	價鈿	1
kô-eng	加恩	1
kô-jing	假神	1
kô-kyi	家計	1
kô-tsoh	加足	1
kô-tsʽeo	加湊	9
kôh-cʽü	各處	3
kôh-lu	各路	1
kôh-nying	各人	1
kôh-tao	各到	2
kôh-tao-cʽü	各到處	4
kôh-tao-kôh-cʽü	各到各處	3
kông	講	12
kông	江	7
kông-cʽih-læ	講出來	1
kông-feh-dzing	講弗盡	1
kông-ko-go	講過個	1
kông-kông	剛剛	1
kông-loh	降落	1
kông-lôh	降落	8
kông-lôh-kyʽi	降落起	1
kông-lôh-læ	降落來	3
kông-pin	江邊	2
kông-tao	講到	1
kʽa	揩	2
kʽa-diao	揩掉	1
kʽa-sao	揩燥	2
kʽao	靠	27
kʽao-djoh	靠着	1
kʽao-djôh	靠着	28
kʽao-feh-djü	靠弗住	1
kʽao-jih	靠實	2
kʽao-sæn	靠山	1
kʽeh-deo	磕頭	1
kʽeh-djü	剋住	1
kʽeh-kʽeh	刻刻	2
kʽeh-si-mô-nyi	客西馬尼	1
kʽeh-tsʽeng	刻忖	2
kʽen	看	25
kʽen-dzæn	看賺	1
kʽen-feh-kyin	看弗見	1
kʽen-ko	看過	1
kʽen-kwu	看顧	1
kʽen-kyin	看見	21
kʽen-kyʽi	看去	1
kʽen-kyʽing	看輕	3
kʽen-yiang	看羊	1
kʽeng	肯	12
kʽeng-gyiu	懇求	1
kʽeo-dzæ	口才	2
kʽeo-ing	口音	1
kʽeo-kʽeh	口渴	3
kʽeo-kʽeh-leh-kying	口渴勒緊	1
kʽeo-li	口裏	1
kʽeo-neng	口能	1
kʽeo-sao	口燥	1
kʽeo-tsʽông	口唱	1
kʽo	可	16
kʽo-kyin	可見	2
kʽo-lin	可憐	7
kʽo-lin-go	可憐個	2
kʽo-pi	可比	3
kʽo-sih	可惜	3
kʽo-u	可惡	2
kʽo-u-go	可惡個	2
kʽo-yi	可以	17
kʽoh	哭	2
kʽong-deo	空頭	2
kʽong-pʽô	恐怕	4
kʽong-siu	空手	1
kʽæ	開	7
kʽæ-cʽih	開出	1
kʽæ-dao	開導	4
kʽæ-djün	開全	1
kʽæ-eng	開恩	2
kʽæ-go	開個	1
kʽæ-hao	開好	2
kʽæ-hao-kæn	開好間	1
kʽæ-hwô	開花	1
kʽæ-kæn	開間	1
kʽæ-kʽæ	開開	1
kʽæ-wæ	開懷	3
kʽô-ding	抲定	1
kʽô-leh	抲勒	1
kʽông-gyin	康健	2
kʽông-læ	囥來	3
lang	冷	1
lang-fong	冷風	2
lang-lang	冷冷	1
lang-lang-zing-zing	冷冷靜靜	1
lang-nyih	冷熱	1
lao	牢	3
lao	老	1
lao-iu	老幼	1
lao-kwʽu	勞苦	3
lao-kʽao	牢靠	14
lao-lao	勞勞	1
lao-loh	勞碌	5
lao-lôh-kæn	牢落間	1
lao-sing	勞心	1
lao-sing-fi-lih	勞心費力	1
le	類	2
le	雷	1
le-din	雷電	2
le-djông	屢常	1
le-tsʽ	屢次	1
li	禮	3
li	離	1
li-deo	裏頭	2
li-hyiang	裏向	10
li-kæ	理該	1
li-kʽæ	離開	15
li-mao	禮貌	1
li-nga	裏外	2
li-pa	禮拜	4
li-ʽæ	厲害	5
li-ʽæ-go	厲害個	1
liang	亮	7
liang	兩	2
liang	糧	1
liang-en	亮暗	1
liang-kwông	亮光	11
liang-pin	兩邊	1
liang-sing	良心	3
liang-yiah	良藥	1
liao	撩	1
liao	療	1
liao-feh-djôh	撩弗着	1
liao-feh-tao	撩弗到	2
liao-teh-djôh	撩得着	1
lih	立	11
lih	力	1
lih-dao	力道	4
lih-ding	立定	2
lih-djü	立住	1
lih-dæ-go	歷代個	1
lih-fah	律法	5
lih-kyʽi	力氣	1
lih-lao	立牢	2
lih-lao	力牢	1
lih-li	律例	1
lih-liang	力量	5
lih-læ	立來	4
lih-lôh	立落	1
lih-tong	立東	1
lih-ts	立仔	1
lin	連	19
lin-diao	鏈條	2
lin-diao	連掉	1
lin-joh	臉熟	1
lin-lin-peh-shæ	戀戀不捨	1
lin-nyih	連日	1
lin-pʽing	連拼	1
lin-tsih	連接	1
lin-yia	連夜	1
ling	領	16
ling	令	1
ling	靈	1
ling-cong	臨終	9
ling-cong-go	臨終個	1
ling-cün	領轉	2
ling-djôh	臨着	2
ling-djôh	領着	1
ling-lu	領路	2
ling-miao	靈妙	1
ling-sing	靈性	2
ling-sing-coh-cün	靈性折轉	2
ling-tao	臨到	1
ling-tao	領到	1
ling-ts	靈之	2
ling-weng	靈魂	29
liu	流	14
liu	溜	1
liu	留	1
liu-cʽih	流出	8
liu-kʽæ	流開	1
liu-lôh	流落	2
liu-sing	留心	1
lo-kyʽi-kæn	擄去間	1
lo-liah	擄掠	3
loh-loh	碌碌	1
loh-nyih	六日	1
loh-yüoh	六慾	1
long	弄	10
long	聾	1
long-long	攏攏	1
long-song	弄送	3
long-tsong	攏總	31
long-tsʽo	弄錯	1
lu	路	38
lu-cʽih	露出	1
lu-cʽih-læ	露出來	1
lu-deo	路頭	3
lu-dzing	路程	2
lu-ka	路街	1
lu-li	路裏	1
lu-li	路里	1
lu-shü	露水	1
lu-ti	爐底	1
lu-zông	路上	1
læ	來	180
læ-gyi	來其	2
læ-ko	來過	1
læ-kæn	來間	12
læ-lih	來歷	1
læ-læ	來來	1
læ-læ-w̆ông-w̆ông	來來往往	1
læ-tih	來的	2
læ-tong	來東	9
læ-tông	來當	1
læn-wu	爛糊	3
lôh	落	3
lôh-hæ	落海	1
lôh-lin	落殮	1
lôh-læ	落來	5
lôh-lôh	落落	1
lôh-væn	落凡	5
lông	浪	3
l̆a	拉	2
m	嘸	2
m-cʽü	嘸趣	1
m-kao	嘸告	3
m-kyi	嘸幾	1
m-neh	嘸得	1
m-nying	嘸人	1
m-yiu	嘸有	1
ma	賣	2
mah	沒	1
mah-deo-mah-nao	沒頭沒腦	1
mang	猛	1
mang-fong	猛風	1
mang-mang	猛猛	2
mang-pao	猛暴	1
mang-yiang-yiang	猛洋洋	1
mao-bing	毛病	3
me	每	2
me	霉	1
me-me	每每	5
me-me	妹妹	1
me-nyih	每日	1
meh-jih	末日	1
meh-yiu	沒有	1
meh-z-loh	默示錄	1
meh-zông	沒上	1
meng	門	4
meng	問	2
meng-du	門徒	38
meng-veng	門份	11
meng-zông	門上	1
meo-meo	茂茂	1
meo-meo-zing-zing	茂茂盛盛	1
meo-zing	茂盛	1
meo-zing-go	茂盛個	1
mi-dao	味道	4
mi-lu	迷路	4
mi-lu-go	迷路個	4
mi-læ	未來	1
mi-sæ-üô	彌賽亞	4
mi-ʽoh	迷惑	1
mi-ʽôh	迷惑	1
mih-diao	滅掉	2
mih-dông	蜜糖	2
mih-vông	滅亡	2
min	面	6
min	免	2
min-diao	免掉	2
min-feh-ko	免弗過	1
min-ko	免過	12
min-kyʽiang	勉強	1
min-li	勉勵	1
min-zin	面前	34
min-zông	眠牀	1
ming	名	46
ming	命	1
ming	明	1
ming-bah	明白	3
ming-deo	名頭	2
ming-liang	明亮	2
ming-ming	明明	6
ming-mun	名瞞	1
ming-sing	名聲	7
ming-tsiao	明朝	1
ming-z	名字	11
ming-ʽao	名號	1
ming-ʽô	名下	1
mo-kwe	魔鬼	23
mo-kwe-go	魔鬼個	5
mo-si	摩西	1
moh	木	1
moh-feh-djôh	摸弗着	1
moh-s	牧師	7
moh-tsʽeh-di-en	墨漆地暗	1
moh-tu	目睹	1
mong	蒙	8
mun	滿	2
mun-de	滿了	1
mun-deo	饅頭	2
mun-feh-djü	瞞弗住	1
mun-kʽeo	滿口	1
mun-sing	滿心	3
mun-tsing	滿進	1
mun-tsoh	滿足	12
mun-tsoh-de	滿足了	1
mæn-mæn	慢慢	1
mæn-zông	晚上	1
mô-li-üô	馬利亞	1
mô-nô	嗎哪	2
mô-tsiang	麻雀	1
mô-zông	馬上	2
mông	網	6
mông-kyi	忘記	11
na	奶	1
na-hwun	奶花	2
na-nyi	爛泥	1
nao-nyih	鬧熱	1
nen	內	2
nen	南	1
nen	男	1
neng	能	6
neng-ken	能幹	18
neng-ken-go	能幹個	1
neng-keo	能夠	8
ng	爾	216
ng-dzông-loh-fu	五臟六腑	1
ng-go	爾個	14
ng-kang-hyiao	五更曉	2
ng-lah	爾拉	9
ng-noh	爾儂	10
ng-nô	兒囡	6
ng-nô-go	兒囡個	1
ng-sang	五牲	1
ng-to	耳朵	2
ng-ts	兒子	12
ng-zi	爾自	2
nga-min	外面	1
ngang-sing	硬心	1
ngao	咬	1
ngeo-jün	偶然	1
ngeo-ziang	偶像	1
ngwe-hyin	危險	5
ngwe-hyin-go	危險個	2
ngæn-deo	銜頭	1
ngæn-li	眼淚	12
ngæn-li	眼裏	1
ngæn-tsing	眼睛	12
ngæn-zin	眼前	3
ngô	我	977
ngô-den	芽頭	1
ngô-go	我個	25
ngô-noh	我儂	4
ngô-sing-li	我心裏	1
ngô-teng	我等	2
ngô-yüong-wô	我榮華	1
ngô-zi	我自	7
ngô-zi-go	我自個	1
no-ziah	懦弱	6
nu	怒	1
nu-boh	奴僕	3
nyi	疑	1
nyi-ding	疑定	1
nyi-du	泥塗	1
nyi-sing	疑心	2
nyi-wu-tsiang	泥糊漿	1
nyi-ʽôh	疑惑	3
nyi-ʽôh-go	疑惑個	2
nyi-ʽôh-ts	疑惑之	1
nyiah	捏	1
nyiang	讓	2
nyiang-vông	仰望	6
nyiao	饒	7
nyiao-sô	饒赦	7
nyiao-sô-go	饒赦個	1
nyih	日	10
nyih-deo	日頭	4
nyih-ko-nyih	日過日	2
nyih-kwông	日光	2
nyih-kyiah	日腳	1
nyih-li	日裏	2
nyih-nyih	日日	13
nyih-sing	熱心	3
nyih-tang-nyih	日打日	1
nyih-ts	日子	12
nyih-yia	日夜	6
nyin	年	6
nyin-dæ	年代	4
nyin-kyi	年紀	4
nying	人	124
nying	銀	1
nying-djôh	迎着	5
nying-go	人個	1
nying-kô	人家	4
nying-teh	認得	6
nying-ts	人之	1
nying-tsing	認真	1
nyiæn-deo	唸頭	3
nyiæn-deo	念頭	3
nyü	女	1
nyü	愚	1
nyü-cʽing	愚蠢	2
nyü-nying	女人	2
nyün	原	1
nyün	源	1
nyün-deo	源頭	3
nyün-sing	願心	2
nyüoh-sing	肉身	11
nyüong-yüing	濃雲	1
næ-sing	耐心	3
næn	難	3
næn-dao	難道	2
næn-dao	難導	1
næn-ko	難過	4
næn-kæn	難間	3
næn-ming	難民	1
næn-ngao	難熬	3
nô-sah-leh	拿撒勒	1
o-leh	捼勒	1
oh	屋	2
oh-li	屋裏	2
oh-lô	屋落	15
oh-nying	惡人	1
pa	拜	7
pa-cʽih	擺出	1
pa-kʽæ	擺開	2
pa-pa	拜拜	3
pa-voh	拜服	2
pah-bing	百病	1
pah-i-pah-jing	百依百順	1
pah-kyün	八眷	1
pah-li-ʽeng	伯利恆	1
pah-sing	百姓	19
pah-tʽi	百體	1
pao	報	8
pao	寶	3
pao	飽	1
pao-djün	保全	5
pao-dziu	報仇	1
pao-feh-dzing	報弗盡	2
pao-feh-wæn-go	報弗還個	1
pao-hyüih	寶血	7
pao-ing	報應	3
pao-kyin	寶劍	1
pao-kô	保家	6
pao-lao	保牢	1
pao-leh-dzing	報勒盡	1
pao-nying	保人	1
pao-pe	寶貝	16
pao-siu	保守	3
pao-veh	寶物	2
pao-we-s	保惠師	1
pao-wu	保護	17
pao-wu-go	保護個	1
pao-wæn	報還	3
pao-yiu	保佑	34
pao-ün	報冤	1
pe	揹	4
pe	輩	1
pe-leh	背勒	1
pe-lôh	揹落	2
pe-lôh	背落	1
pe-shông	悲傷	8
pe-shông-kyʽi-læ	悲傷起來	1
pe-zin	卑賤	3
peh	撥	121
peh-djông	不常	1
peh-dzæ	不在	1
peh-fông	不妨	1
peh-gyü	不懼	2
peh-hyiao	不孝	2
peh-iu	不憂	2
peh-lao	不老	2
peh-ming	不明	1
peh-neng	不能	1
peh-pih	不必	5
peh-pin	不變	3
peh-sing	不信	2
peh-vông	不忘	2
peh-yih	不易	3
peng	本	2
peng-hyiang	本鄉	1
peng-læ	本來	1
peng-sing	本性	1
peng-tao	奔到	1
peng-tʽu	本土	1
peng-veng	本份	1
peng-zông	奔上	1
pi	比	16
pi-djü	閉住	1
pi-feh-læ	比弗來	1
pi-mih	祕密	1
piao	表	1
piao-cʽih	滮出	1
piao-ming	表明	1
pih	必	1
pih-ding	必定	9
pih-iao	必要	9
pih-næn	逼難	1
pin	變	9
pin	邊	2
pin	遍	1
pin-di	遍地	3
pin-hwô	變化	1
pin-keng	變更	1
pin-leh	變勒	1
pin-tʽin	遍天	1
pin-wun	變換	4
pin-yi	變移	1
pin-yih	變易	1
pin-yin	邊沿	2
ping	兵	1
ping	餅	1
ping-lang	冰冷	1
ping-mô	兵馬	2
po-lông	波浪	1
poh	北	1
pu	補	4
pu-hao	補好	1
pu-tsoh	補足	1
pun-ko	搬過	1
pun-kʽong	半空	1
pæn-tih	𢲔跌	3
pô	把	9
pô-feh-neng	巴弗能	1
pô-kyih	巴結	5
pô-pô	巴巴	2
pô-ti-mæ	巴底買	3
pông-doh	謗瀆	1
pông-dzu	幫助	26
pông-hwe	謗毀	1
pông-yiang	榜樣	8
pʽah-kʽæ-ts	𤖼開仔	1
pʽeng-hyiang	噴香	3
pʽeng-hyiang-go	噴香個	1
pʽi-bing	批評	2
pʽin	篇	6
pʽing-tsʽeo	拼湊	1
pʽo	破	3
pʽo-kʽæ	破開	1
pʽoh-s	撲屍	1
pʽoh-s	魄屍	1
pʽoh-tao	撲倒	1
pʽoh-tæn-tao	撲帶倒	2
pʽong-djôh	碰着	5
pʽu	鋪	1
pʽu-læ	鋪來	1
pʽun-tön	判斷	1
pʽô	怕	21
pʽô-de	怕了	1
pʽô-deo	怕頭	1
pʽô-gyü	怕懼	5
pʽô-pʽô	怕怕	4
pʽô-shü-shü	怕勢勢	1
pʽô-sing	怕心	3
r	而	1
s	賜	24
s	使	3
s	詩	1
s-du	使徒	2
s-eng	賜恩	1
s-feh-ding	駛弗停	1
s-foh	賜福	1
s-fông	四方	1
s-hwun	使喚	4
s-hæ-ts	四海之	1
s-jih	四十	1
s-kyü	詩句	1
s-lôh	賜落	9
s-lôh-læ	賜落來	3
s-peh	賜撥	19
s-siang	思想	3
s-teh	使得	10
s-ts-pah-tʽi	四肢百體	2
s-tsu	始祖	3
s-tsʽing	四親	1
s-vông-ts	死亡之	1
s-yin	使鹽	1
s-yüoh	私慾	5
s-yüoh-sing	私慾心	1
sa	曬	1
sah	殺	1
sah-ko-liao	殺過了	1
sang	生	7
sang-bing	生病	2
sang-cʽih	生出	2
sang-cʽih-læ	生出來	1
sang-kʽeo-go	牲口個	1
sang-læ	生來	2
sang-sang	生生	1
sao	燥	1
se	雖	25
se-jün	雖然	12
se-tsih	雖即	9
se-yiu	雖有	2
seh	色	1
seng-s	生死	1
seng-seng	孫孫	2
shih	失	2
shih	雪	1
shih-bah	雪白	3
shih-bah-go	雪白個	2
shih-diao	失掉	1
shih-diao-kæn	失掉間	1
shih-lih	設立	3
shih-lih-tong	設立東	1
shih-siao	雪消	1
shih-wô	說話	15
shing	峋	1
shing	郇	1
shing-sæn	郇山	1
shæ	赦	1
shông-kwʽa	爽快	1
shông-shông	雙雙	3
shü	水	8
shü	書	3
shü	數	1
shü-dao	勢道	3
shü-dæ	世代	1
shü-ka	世界	3
shü-kyin	世間	5
shü-kæn-zông	世間上	35
shü-nyün	水源	5
shü-shü	世世	5
shü-shü-dæ-dæ	世世代代	3
shü-ts	世之	1
shü-zông	世上	1
shün	選	1
si	死	57
si	西	2
si	世	1
si-de	死了	2
si-go	死個	10
si-kông	死江	1
si-kông-go	死江個	1
si-lah-ping	西拉冰	4
si-liao	死了	1
si-lu	死路	1
si-nyih	死日	1
si-nying	死人	2
si-ts	死仔	9
si-ʽeo	死後	8
sia	寫	1
sia-kæn	寫間	1
sia-lôh	寫落	2
siang	想	8
siang-dzu	相助	1
siang-feh-tao	想弗到	1
siang-gying	相近	6
siang-kying	相敬	1
siang-lin	相連	1
siang-mao	相貌	3
siang-pʽe	相配	1
siang-siang-kʽen	相相看	1
siang-sing	相信	24
siang-sing-go	相信個	7
siang-sing-ts	相信之	3
siang-tao	想到	1
siang-vu	相符	2
siang-vông	想望	15
siang-æ	相愛	1
siang-ʽo	相和	1
siao	小	5
siao-nying	小人	12
siao-siao	小小	3
siao-yiang	小羊	11
siao-yiang-go	小羊個	2
siao-yiang-ts	小羊之	1
sih-doh	褻瀆	1
sih-fông	釋放	7
sih-fông-go	釋放個	1
sih-kyʽi	溼氣	1
sih-læn	錫蘭	1
sin	先	4
sin-cü	先知	2
sin-cü-nying	先知人	4
sin-din	閃電	1
sing	心	136
sing	星	4
sing	深	3
sing	聖	3
sing	新	2
sing	身	2
sing	伸	1
sing	升	1
sing	聲	1
sing-cong	心中	1
sing-cʽih	伸出	3
sing-cʽih-tong	伸出東	2
sing-da	聖大	1
sing-deo-tao	心頭禱	1
sing-din	聖殿	1
sing-du	信徒	35
sing-dziang	心腸	1
sing-dzing	聖城	1
sing-hyiang	聲響	12
sing-ing	聲音	10
sing-jü	深如	1
sing-jün	聖善	22
sing-kah	性格	1
sing-kao	心高	1
sing-kwʽu	辛苦	1
sing-kyiao	聖教	1
sing-kying	聖經	3
sing-kying	信經	1
sing-kying-go	聖經個	1
sing-kyüông	升降	1
sing-kʽao	信靠	1
sing-kʽeo	心口	1
sing-li	心裏	28
sing-ling	聖靈	40
sing-læ-sing-vu	聖來聖父	1
sing-lông	新郎	1
sing-ming	性命	10
sing-mun	心滿	1
sing-nying	聖人	2
sing-nyün	心願	1
sing-pin	身邊	12
sing-pʽun	審判	6
sing-pʽun-kwun	審判官	1
sing-s	聖詩	27
sing-sang-go	新生個	1
sing-shü	聖書	7
sing-shü-go	聖書個	1
sing-shü-li	聖書裏	1
sing-siang	心想	4
sing-sih	信息	2
sing-sin	新鮮	1
sing-sing	心心	1
sing-sing	新新	1
sing-sing	深深	1
sing-sing-go	深深個	1
sing-siu	星宿	2
sing-tao	升到	2
sing-teh	心得	5
sing-ts	聖子	1
sing-ts	聖旨	1
sing-tsiao	心焦	1
sing-tʽi	身體	4
sing-veng	新聞	1
sing-vu	新婦	1
sing-vu	聖父	1
sing-væn-tsi-tsao	心煩嚌糟	3
sing-we	聖會	1
sing-we	身會	1
sing-z	心事	2
sing-z	心是	1
sing-zông	升上	21
sing-zông-kyʽi	升上去	7
siu	手	26
siu	首	23
siu	守	3
siu	收	1
siu-cü	秀緻	2
siu-dön	手段	2
siu-keh	收割	2
siu-kwang	手梗	1
siu-kyʽi	收起	1
siu-li	手裏	3
siu-liu	收留	1
siu-sih	首飾	1
siu-tao	收到	1
siu-ʽô	手下	3
so	鎖	1
so-djü	鎖住	1
soh	啥	1
soh-go	啥個	2
soh-si	啥西	3
soh-sing	索性	1
soh-soh	速速	3
su	數	1
su-cʽih	塑出	1
su-feh-pin	數弗遍	2
su-kʽæ	疏開	2
su-sing	甦醒	2
su-su-kʽen	數數看	2
su-sæn-kʽæ	疏散開	1
su-yün	疏遠	1
sæ	衰	5
sæ-ba	衰敗	3
sæ-ko-jü	賽過如	1
sæn	山	3
sæn	省	1
sæn-ao	山嶴	1
sæn-ao-li	山嶴裏	1
sæn-hæ	山海	5
sæn-kwông	散光	3
sæn-kʽæ	散開	1
sæn-leh	省勒	1
sæn-li	山裏	1
sæn-ling	山嶺	1
sæn-nyih	三日	2
sæn-se	山水	3
sæn-we	三位	4
sæn-we-ih	三位一	1
sæn-we-ih-jing	三位一神	1
sæn-we-ih-tʽi	三位一體	1
sæn-we-ʽeh-ih	三位合一	8
sæn-wu	珊瑚	1
sô	所	80
sô	捨	5
sô	赦	4
sô	沙	1
sô-cʽih	捨出	4
sô-diao	赦掉	7
sô-iao	所要	1
sô-min	赦免	2
sô-moh	沙漠	1
sô-nyi	沙泥	1
sô-teh	所得	1
sô-tso	所做	4
sô-vông	所望	1
sô-yi	所以	4
sô-yüoh	所欲	1
sô-ze	赦罪	2
sô-ze-go	赦罪個	4
sô-ʽæ	所害	1
sông	傷	3
sông	喪	1
sông	賞	1
sông-bun	磉盤	3
sông-bun-zah	磉盤石	1
sông-de	傷了	1
sông-diao	喪掉	1
sông-jün	賞善	4
sông-kwʽa	爽快	1
sông-sing	傷心	2
sông-vah	賞罰	1
sông-z	喪事	5
sông-ʽæ	傷害	1
sön	算	13
sön-su	算數	7
sön-su-feh-læ	算數弗來	1
ta	戴	7
ta	帶	2
ta-hao	帶孝	1
ta-li	帶累	2
ta-ling	帶領	2
tang	打	6
tang-ba	打敗	1
tang-kʽeh-cʽong	打瞌𥅻	1
tang-sông	打傷	1
tang-sön	打算	3
tang-ying	打贏	8
tao	到	68
tao	倒	2
tao-cü	到主	1
tao-cʽü	到處	15
tao-cʽü-go	到處個	1
tao-feh-læ	到弗來	1
tao-kao	禱告	20
tao-lao	到老	1
tao-leh	到了	2
tao-leh	倒了	1
tao-me	倒霉	9
tao-si	到死	1
tao-ti	到底	2
te	對	2
te-deo	對頭	1
te-djôh	對着	1
te-leh-djü	對勒住	1
te-tsing	對證	5
teh	得	5
teh	德	2
teh-cü	得知	3
teh-djôh	得着	18
teh-kyiu	得救	9
teh-kyiu-go	得救個	1
teh-kyʽi	德氣	19
teh-nying-sih	得人惜	1
teh-sing	得勝	5
teh-ts	得之	1
teh-ze	得罪	6
teng	等	117
teng-dæ	等待	2
teng-long	燈籠	1
teng-tao	等到	12
teng-we	登位	1
teng-ʽeo	等候	2
ti	底	2
ti	蒂	1
ti-dih	抵敵	1
ti-sing	低聲	1
ti-sing-siao-i	低聲小意	1
ti-tông	抵擋	2
ti-vi	低微	3
ti-wông	帝王	1
ti-ʽô	低下	1
tiao	鳥	1
tiao-kʽeh	雕刻	1
tih-tao	跌倒	2
ting	頂	34
ting	釘	9
ting-cü	釘子	1
ting-do	頂大	2
ting-kao	頂高	5
ting-sah-de	釘煞了	1
ting-sah-liao	釘煞了	1
ting-sing	頂深	1
tiu-ko	丟過	1
tiu-kyʽi	丟去	2
tiu-kyʽi	丟棄	1
tiu-leh-kyʽi	丟勒去	2
to	多	8
to-bi	躲避	4
to-dzing	多情	2
to-læ	躲來	1
to-siao	多少	2
to-zia	多謝	1
toh-fah-ts-deo	篤發之頭	1
tong	東	2
tong-fông	東方	1
ts	之	21
ts	子	5
ts-cong	之中	1
ts-hyiang	志向	3
ts-i	旨意	5
ts-kong	之宮	1
ts-kong	至公	1
ts-le	之類	1
ts-pʽa	支派	2
ts-seng	子孫	2
ts-tin	指點	4
ts-ts	子子	2
ts-ying	指引	1
ts-ʽeo	之後	2
tsa	債	2
tsah-be	責備	1
tsah-lôh-tong	扎落東	1
tsah-vah	責罰	3
tsang-tsʽô	爭差	1
tsao	早	3
tsao	遭	1
tsao-djôh	遭着	5
tsao-tsao	早早	1
tsao-tsing	遭進	1
tsao-tʽah	糟蹋	1
tsao-yi	早已	1
tsao-yi-ts	早已之	1
tsao-æn	早晏	2
tse	最	1
tse-pih	追逼	2
tse-su-zông-kyʽi	追溯上去	1
tse-zông	追上	1
tse-zông-kyʽi	追上去	1
tseh	則	1
tseng	尊	1
tseng-djong	尊重	1
tseng-kying	尊敬	1
tseng-kyʽi	尊起	2
tseng-kyʽi-liao	尊起了	1
tseo	走	24
tseo-feh-tsing	走弗進	1
tseo-go	走個	4
tseo-ko	走過	5
tseo-ko-kyʽi	走過去	6
tseo-kyʽi	走去	1
tseo-kʽæ	走開	1
tseo-leh	走勒	1
tseo-leh-tao	走勒到	1
tseo-long	走攏	2
tseo-long-læ	走攏來	1
tseo-lu	走路	4
tseo-læ	走來	1
tseo-lôh	走落	4
tseo-pin	走遍	1
tseo-siu	走獸	3
tseo-tao	走倒	1
tseo-tao	走到	1
tseo-tsing	走進	1
tseo-tsʽo	走錯	1
tseo-wun	走完	1
tseo-zông	走上	1
tsi	𣥼	1
tsi-dæn	祭壇	1
tsi-me	姊妹	2
tsi-mun	𣥼滿	1
tsi-mun-leh	𣥼滿了	1
tsi-s	祭司	2
tsi-s-tsiang	祭司長	6
tsi-veh	祭物	6
tsiah-we	爵位	1
tsiang	仗	1
tsiang	將	1
tsiang-hyüong	長兄	3
tsiang-kyüing	將軍	3
tsiang-læ	將來	10
tsiang-sih	將息	1
tsiao	照	38
tsiao-djôh	照着	5
tsiao-jing	招認	4
tsiao-kwu	照顧	1
tsiao-kwun	照管	2
tsiao-ming	照明	1
tsiao-pin	照遍	1
tsiao-tao	照到	1
tsih	只	17
tsih	接	1
tsih-công	執掌	5
tsih-djôh	接着	2
tsih-hao	只好	1
tsih-iao	只要	1
tsih-jü	積儲	1
tsih-le	漬洡	6
tsih-leh	只勒	1
tsih-lôh-læ	積落來	1
tsih-siao	只消	3
tsih-veng	職份	3
tsih-we	只會	4
tsih-yiu	只有	21
tsih-z	只是	1
tsih-ziu	接受	13
tsing	進	7
tsing	真	5
tsing	正	1
tsing	浸	1
tsing-dzih	正直	6
tsing-dzih-vu-s	正直無私	1
tsing-jing	真神	36
tsing-jing-go	真神個	1
tsing-kong	進貢	1
tsing-lu	正路	6
tsing-ngæn	針眼	1
tsing-pao	珍寶	1
tsing-sing	真心	1
tsing-tsing	真真	9
tsing-tsing	貞貞	1
tsing-voh	征服	1
tsing-weh	真活	1
tsing-ziang	正像	2
tsiu	酒	5
tsiu-ko	晝過	2
tsiu-ko-den	晝過頭	1
tsiu-tsi	周濟	1
tsiu-yia	晝夜	1
tsiu-yin	酒筵	3
tsiæ	者	3
tso	做	77
tso-cü	做主	3
tso-cʽih	做出	1
tso-dzing	做成	8
tso-dzing	做盡	1
tso-dzæn	做賺	2
tso-feh-læ	做弗來	1
tso-feh-tao	做弗到	1
tso-gyi	做忌	2
tso-hao	做好	2
tso-mun	做滿	1
tso-nying	做人	13
tso-shih	做說	2
tso-tao-siu	做到手	1
tso-tsʽing	做親	1
tsoh	作	2
tsoh	足	1
tsoh-tsoh	足足	1
tsoh-tæ	作歹	1
tsoh-yüoh	作樂	2
tsoh-ôh	作惡	1
tsong	總	35
tsong-iao	總要	2
tsong-tsong	總總	1
tsu	阻	1
tsu-djü	阻住	4
tsu-feh-djü	阻弗住	2
tsu-tsong	祖宗	2
tsæ	再	22
tsæ	災	1
tsæ-næn	災難	3
tsæ-ve	再𣍐	14
tsæ-weh	再活	1
tsæ-wô	再話	1
tsæn-dön	斬斷	1
tsæn-me	讚美	118
tsæn-me-go	讚美個	1
tsæn-me-s	讚美詩	1
tsæn-me-ts	讚美之	1
tsô	遮	1
tsô-kæ	遮蓋	1
tsông	章	1
tsông	葬	1
tsông-læ	葬來	1
tsông-pæn	裝扮	1
tsʽ	此	2
tsʽ-di	此地	5
tsʽ-kyü	此句	2
tsʽ-teng	此等	1
tsʽa	差	5
tsʽa-læ	差來	1
tsʽao	草	1
tsʽao-moh	草木	1
tsʽao-nao	吵鬧	1
tsʽeh-doh-feh-tao	測度弗到	3
tsʽeh-en	漆暗	1
tsʽeh-ing-ts	惻隱之	1
tsʽeng	忖	15
tsʽeng-feh-tao	忖弗到	2
tsʽeng-kyʽi	忖起	1
tsʽeng-tao	忖到	13
tsʽeng-tsʽeng-kʽen	忖忖看	1
tsʽeo	湊	3
tsʽeo-de	湊隊	2
tsʽia	且	3
tsʽia-kʽen	且看	10
tsʽiang-tsʽiang	搶槍	1
tsʽih	切	1
tsʽih-dzing	七情	1
tsʽih-ts	赤子	1
tsʽih-tsʽih	切切	2
tsʽih-tsʽih-dzæ-sing	切切在心	2
tsʽin-ding	千定	2
tsʽin-ko-væn-zia	千過萬謝	2
tsʽin-ko-væn-zia	千歌萬謝	1
tsʽin-kying	千斤	1
tsʽin-pin-væn-hwô	千變萬化	1
tsʽin-tsʽin	千千	2
tsʽin-tsʽiu	千秋	2
tsʽin-væn	千萬	6
tsʽing	請	7
tsʽing	稱	3
tsʽing	清	2
tsʽing-foh	清福	1
tsʽing-gying	親近	17
tsʽing-hwu	稱呼	9
tsʽing-kyih	清潔	6
tsʽing-kʽeo	親口	1
tsʽing-læ	請來	1
tsʽing-ngæn	親眼	5
tsʽing-sang	親生	2
tsʽing-sing	清醒	4
tsʽing-tao	請到	2
tsʽing-ting	清盯	2
tsʽing-tsao	清早	1
tsʽing-tsæn	稱讚	21
tsʽing-tsʽao	青草	1
tsʽing-tsʽing	親親	1
tsʽing-tʽin	青天	1
tsʽing-æ	親愛	2
tsʽing-æ-go	親愛個	4
tsʽo	錯	1
tsʽo-lôh	錯落	2
tsʽong-ming	聰明	16
tsʽong-ming-leh-kying	聰明勒緊	1
tsʽæ	睬	1
tsʽæ-mo	猜摩	1
tsʽæn-nyih	產業	4
tsʽô	差	2
tsʽô-lôh	差落	1
tsʽông	唱	25
tsʽông-cʽih	唱出	1
tsʽông-cʽih-læ	唱出來	1
tsʽông-kwʽu	倉庫	1
tsʽông-kyʽi	唱起	4
tsʽông-kyʽi-læ	唱起來	2
tsʽông-s	唱詩	2
tu	都	157
tæn	單	4
tæn	擔	1
tæn	膽	1
tæn-koh	耽擱	1
tæn-teng	單等	1
tæn-ts	膽子	3
tæn-tsih	單只	2
tæn-tsʽing	丹青	1
tæn-tông	擔當	1
tô-hwô	朵化	15
tô-hwô-go	朵化個	1
tông	當	13
tông	擋	2
tông-feh-djü	當弗住	1
tông-kæ	當該	2
tông-ping	當兵	1
tông-tsʽu	當初	1
tông-yia	當夜	1
tön-lin	鍛鍊	1
tön-tsing	端正	1
tʽa-bing	太平	17
tʽa-bing-ts	太平之	2
tʽa-ing	太陰	2
tʽa-nyiao	討饒	2
tʽa-sæn	泰山	1
tʽa-ts	太子	1
tʽa-yiang	太陽	10
tʽah	𡍲	1
tʽao	討	1
tʽe	退	1
tʽe-peh	推撥	1
tʽe-pæn	推扳	1
tʽe-tao	推倒	1
tʽeh	忒	1
tʽeh	脫	1
tʽeh-cʽih	脫出	4
tʽeh-diao	脫掉	1
tʽeh-dzing	脫盡	2
tʽeh-lôh	脫落	2
tʽeng-kyʽi	氽去	1
tʽeo-kwông	透光	2
tʽi	替	19
tʽi	體	1
tʽi-dæ	替代	1
tʽi-min	體面	11
tʽi-tsih	體質	1
tʽiah-kæn	貼間	1
tʽiao	挑	2
tʽiao-feh-dong	挑弗動	1
tʽiao-lôh	跳落	1
tʽih	鐵	1
tʽih-lin	鐵鏈	2
tʽin	天	65
tʽin-coh	天竺	1
tʽin-di	天地	24
tʽin-di-ʽô	天地下	1
tʽin-dông	天堂	8
tʽin-dông-go	天堂個	2
tʽin-dông-li	天堂裏	1
tʽin-go	天個	2
tʽin-koh	天國	8
tʽin-koh-go	天國個	1
tʽin-kyi	天機	1
tʽin-kyʽi	天氣	1
tʽin-li	天裏	12
tʽin-li-go	天裏個	1
tʽin-læ	天來	1
tʽin-læ-go	天來個	2
tʽin-nyiang	天亮	2
tʽin-ping	天兵	1
tʽin-s	天使	32
tʽin-s-tsiang	天使長	1
tʽin-sang-go	天生個	1
tʽin-tsiang	天將	1
tʽin-tsʽô-di-yün	天差地遠	2
tʽin-vu	天父	96
tʽin-vu-go	天父個	7
tʽin-yiao-di-dong	天搖地動	1
tʽin-zông	天上	70
tʽin-zông-go	天上個	8
tʽin-ʽô	天下	15
tʽin-ʽô-go	天下個	1
tʽing	聽	35
tʽing-kyin	聽見	1
tʽing-meng	聽聞	11
tʽing-tong	聽東	1
tʽing-yia	聽呀	1
tʽoh	託	4
tʽong	統	2
tʽong-cü	通知	1
tʽong-ʽeng	痛恨	1
tʽu	土	1
tʽæ	胎	2
tʽæn-kyʽi	嘆氣	1
tʽæn-kʽæ	攤開	1
tʽæn-sih	嘆息	1
tʽô-kʽong	跺空	1
u	烏	1
u-dông	烏蕩	1
u-fong	烏風	1
u-fong-mang-pao	烏風猛暴	1
u-sen	烏碎	10
u-su	惡愫	1
u-w̆e	污穢	1
vah	罰	1
vah-lôh	罰落	2
vah-nyün	罰願	1
vah-tsiu	罰咒	1
vah-ôh	罰惡	4
ve	𣍐	36
veng	墳	5
veng	文	1
veng-mo	墳墓	16
veng-mo-li	墳墓裏	1
veng-nga	分外	1
veng-veng	份份	1
veo-seng	復生	2
veo-weh	復活	2
veo-weh-nyih	復活日	1
veo-weh-ts	復活之	1
veo-yi	負義	1
vi-dzeng	未曾	2
vi-læ	未來	1
vi-min	未免	4
voh	服	8
voh-z	服侍	19
vong	甮	5
vong	逢	3
vong	奉	1
vong-hyüong	逢凶	3
vu	父	10
vu	無	3
vu-cong	無終	2
vu-cʽü	無處	1
vu-dzing	無盡	10
vu-fah	無法	1
vu-feh	無弗	1
vu-feh-en-w̆eng	無弗安穩	1
vu-fi	無非	3
vu-gyüong	無窮	29
vu-gyüong-dzing	無窮盡	7
vu-gyüong-vu-dzing	無窮無盡	1
vu-ing	無影	1
vu-kwu	無故	2
vu-kô-ts	無價之	1
vu-lih-liang	無力量	2
vu-lu	霧露	1
vu-ngen	無岸	3
vu-ngæ	無礙	1
vu-peh-cü	無不知	1
vu-peh-neng	無不能	1
vu-pi	無比	10
vu-pih-ts	務必子	1
vu-pin	無邊	3
vu-s	無始	2
vu-s	無私	1
vu-s-vu-cong	無始無終	1
vu-sô	無所	1
vu-sô-peh-cü	無所不知	2
vu-sô-peh-dzæ	無所不在	5
vu-te	無對	5
vu-ti	無底	1
vu-tsong	無蹤	1
vu-tsʽin	無千	1
vu-tʽin	無天	1
vu-væn	無萬	1
vu-yiu	無有	9
vu-yün	無緣	2
vu-yüong	無用	1
vu-ʽæ	無害	1
væn	萬	3
væn	犯	2
væn	飯	1
væn-be	萬倍	2
væn-cü-ts	萬主之	1
væn-djôh	犯着	1
væn-foh	萬福	4
væn-foh-ts	萬福之	7
væn-gyüing	萬羣	1
væn-gyün	萬權	1
væn-jing-ts	萬神之	2
væn-jün	萬善	1
væn-ko	犯過	1
væn-koh	萬國	21
væn-koh-go	萬國個	2
væn-koh-kyiu-tsiu	萬國九州	2
væn-leh	犯勒	2
væn-ming	萬民	3
væn-nao	煩惱	1
væn-nying	犯人	2
væn-nying	萬人	1
væn-pah	凡百	10
væn-pah-go	凡百個	1
væn-tsʽæn	飯餐	5
væn-veh	萬物	16
væn-veh-go	萬物個	2
væn-veh-ts	萬物之	3
væn-væn	萬萬	8
væn-wô-ts	萬華之	1
væn-wông	萬王	2
væn-wông-ts	萬王之	9
væn-wông-ts-wông	萬王之王	1
væn-yiu-ts	萬有之	1
væn-ze	犯罪	8
vông	望	1
vông-eng	忘恩	1
vông-li	房裏	1
wa	還	34
wa-we	還會	1
wa-yiu	還有	4
we	會	264
we	爲	15
we	位	1
we-be	違背	3
we-deo	回頭	1
we-fi	爲非	1
we-ih	爲一	1
we-leh	爲了	13
we-long	圍攏	1
we-nying	爲人	3
we-nying-dzæ-shü	爲人在世	1
we-sing-cün-i	回心轉意	2
we-zi	匯齊	3
we-ziao	圍繞	2
weh	活	36
weh-cün	活轉	12
weh-cün-de	活轉了	1
weh-cün-læ	活轉來	6
weh-de	活了	1
weh-go	活個	5
weh-ko	活過	1
weh-ling	活靈	21
weh-ling-go	活靈個	2
weh-lu	活路	3
weh-ming	活命	17
weh-ming-go	活命個	6
weh-pʽah-pʽah-di	活潑潑地	2
weh-shü	活水	2
weh-tsi	活祭	2
weh-zin	活前	24
weng-dzeh	混雜	1
weng-ling	魂靈	3
weng-sing	渾身	4
wu-du	糊塗	1
wu-long	胡嚨	1
wu-sing-kying	護心鏡	1
wun	完	2
wun	換	1
wun-djün	完全	5
wun-ko	換過	1
wun-sing	換新	2
wun-wun	完完	1
wun-wun	緩緩	1
wæ	外	1
wæ	懷	1
wæn	還	4
wæn-cʽih	還出	1
wæn-næn	患難	9
wæn-næn-go	患難個	1
wæn-næn-ts	患難之	1
wô	話	18
wô-cʽih	話出	1
wô-ko-liao	話過了	1
wô-kyʽi-læ	話起來	1
wông	王	27
wông-kʽong	惶恐	6
wông-ti	皇帝	16
w̆a	壞	2
w̆e-nyi	威儀	2
w̆e-nyin	威嚴	7
w̆e-u	穢污	3
w̆e-u-pah-la	穢污八剌	1
w̆eng-tông	穩當	1
w̆eng-w̆eng	穩穩	1
w̆eng-ziu	溫柔	2
w̆æn-kyʽüoh	彎曲	2
w̆æn-kyʽüoh-go	彎曲個	3
w̆æn-we	挽回	1
w̆ông-w̆ông	往往	1
w̆ông-zin	往前	1
yi	又	66
yi	遺	4
yi	以	1
yi-dong	移動	1
yi-feh-dong	移弗動	1
yi-kying	已經	20
yi-lôh-tong	遺落東	1
yi-mô-ne-lih	以馬內列	5
yi-seh-lih	以色列	6
yi-we	又會	1
yi-zin	以前	5
yi-zin-go	以前個	1
yi-ʽeo	以後	7
yi-ʽeo	異候	1
yia	也	76
yia	夜	3
yia	呀	1
yia-su	耶穌	1
yia-tao	夜到	7
yia-tao-den	夜到頭	1
yiah	藥	1
yiah-lih	協力	3
yiang	羊	8
yiang	揚	2
yiang	樣	2
yiang-gyin	羊圈	1
yiang-gyin-li	羊圈裏	3
yiang-kʽæ	揚開	2
yiang-moh	羊牧	3
yiang-sing-siu-teh	養性修德	1
yiang-yiang	樣樣	13
yih-sao	翼梢	4
yin	言	1
yin-cʽih-læ	現出來	2
yin-dzæ	現在	21
yin-nyü	言語	1
ying	引	1
ying	贏	1
ying-dao	引導	27
ying-gyü	刑具	1
ying-hyi-teh	贏喜得	1
ying-ko	贏過	1
ying-tsih	形跡	1
ying-vah	刑罰	2
yiu	有	132
yiu	油	2
yiu-cʽü	有趣	4
yiu-foh	有福	2
yiu-ih	有益	4
yiu-jü	有如	1
yiu-leh	有勒	1
yiu-su	有數	1
yiu-teh	有得	2
yiu-tʽa	猶太	1
yiu-veng	有份	10
yiu-yü	有餘	2
yiu-ʽæn	有限	1
yiæ-din	埃田	3
yiæ-dæ	懈怠	5
yiæ-gyih	埃及	1
yiæ-lu-sah-leng	耶路撒冷	7
yiæ-su	耶穌	249
yiæ-su-go	耶穌個	8
yiæ-ʽo-wô	耶和華	10
yü	雨	3
yü-be	預備	9
yü-cün	圍轉	3
yü-dziu	宇宙	3
yü-kô	愈加	11
yü-sin	預先	6
yü-yin	預言	1
yüih	越	8
yüih-fah	越發	8
yüih-gying	越近	1
yüih-long	越弄	1
yüih-to	越多	3
yüing	雲	5
yüing-djü	雲柱	2
yüing-dong	運動	1
yüing-jih	雲集	1
yüing-li	雲裏	1
yün	遠	6
yün	園	2
yün-cʽü	遠處	1
yün-gying	遠近	1
yün-kwu	緣故	2
yün-kʽæ	遠開	1
yün-shü	懸勢	1
yün-shü-di	懸勢地	1
yün-yün	遠遠	4
yüoh-sing	樂聲	1
yüong	用	20
yüong	榮	1
yüong-feh-wun	用弗完	1
yüong-feh-wun-go	用弗完個	1
yüong-wô	榮華	79
yüong-wô-go	榮華個	3
yüong-yi	容易	1
yüô-koh	雅各	2
yüô-tin	瑕點	2
z	是	165
z	時	1
z-djông	時常	7
z-dzing	事成	1
z-dzong	自從	1
z-fi-sing	是非心	1
z-jün-r-jün	自然而然	2
z-ka	是介	13
z-ka	時介	4
z-ken	事幹	10
z-kʽeh	時刻	2
z-ts	士子	1
z-tsi	時節	3
z-tsin	時節	1
z-tʽi	事體	11
z-z	時時	2
z-ʽeo	時候	20
z-ʽeo	侍候	1
zah-deo	石頭	1
zao	造	8
zao-cʽih	造出	2
zao-dzing	造成	5
zao-go	造個	1
zao-hao	造好	1
zao-hwô	造化	4
zao-hwô-ts	造化之	1
zao-kyʽi	造起	1
zao-leh	造勒	1
zao-veh	造物	2
ze	罪	69
ze	隨	2
ze-cong	罪中	2
ze-go	罪個	1
ze-kyʽin	罪愆	18
ze-ming	罪名	5
ze-nyih	罪孽	7
ze-nying	罪人	32
ze-nying-go	罪人個	2
ze-tsi	罪祭	6
ze-ôh	罪惡	2
ze-ôh-ts	罪惡之	1
zeo	愁	1
zeo-meng	愁悶	2
zi	自	31
zi-dong	齊動	5
zi-go	自個	6
zia	謝	3
zia-eng	謝恩	3
zia-jih	邪術	1
zia-zia	謝謝	6
ziah	若	40
ziah-z	若是	5
ziang	像	63
ziang-i	像意	1
ziang-kyiah	牆腳	1
zih-bin	舌辯	1
zih-deo	舌頭	2
zih-peng	蝕本	1
zin	前	9
zin-deo	前頭	8
zing	尋	5
zing	甚	1
zing-djôh	尋着	2
zing-feh-djôh	尋弗着	3
zing-kyʽi	尋去	1
zing-leh-tao	尋勒到	1
zing-li	城裏	1
zing-læ	尋來	1
zing-z	淨是	1
zing-zing	尋尋	2
zing-zing	靜靜	2
zing-zing	盛盛	1
ziu	就	42
ziu	受	40
ziu-ko	受過	5
ziu-kwʽu	受苦	1
ziu-kying	受驚	1
ziu-næn	受難	2
ziu-shü	壽歲	2
ziu-yüong	受用	2
ziu-z	就是	11
ziu-ze	受罪	2
ziu-ʽæ	受害	3
zo	坐	7
zo-leh	坐勒	1
zo-læ	坐來	1
zo-we	座位	28
zo-we-zin	座位前	2
zo-we-zông	座位上	1
zo-ze	坐罪	1
zoh	𧮙	1
zoh-mô	𧮙罵	1
zông	上	18
zông	嚐	1
zông-cü	上主	9
zông-cü-go	上主個	4
zông-ko	嚐過	1
zông-kying	上緊	2
zông-læ	上來	1
zông-sæn	上山	1
zông-teng	上頂	1
zông-tʽin	上天	1
zông-zin	上前	5
æ	愛	24
æ	哀	1
æ-go	愛個	1
æ-kying	愛敬	14
æ-kying-go	愛敬個	1
æ-lin	哀憐	19
æ-lin-go	哀憐個	1
æ-læ-æ-kyʽi	愛來愛去	1
æ-sih	愛惜	22
æ-sih-go	愛惜個	2
æ-sih-sing	愛惜心	2
æ-sing	愛心	7
æ-sing-go	愛心個	1
æ-ts	愛子	1
æ-tʽong	哀痛	1
ô	啞	1
ô-wông	啞喤	5
ôh	惡	4
ôh-go	惡個	2
ôh-iao	惡要	2
ôh-iao-siang	惡要想	2
ôh-iao-siang	惡要相	1
ôh-kyü	惡鬼	1
ôh-lô	屋落	1
ôh-nying	惡人	3
ôh-nyiæn	惡念	1
ôh-sing-go	惡心個	1
ôh-z	惡事	1
ôh-ziang	惡像	2
ü	於	11
ün	怨	1
ün-kyʽi	冤氣	1
ün-kô	冤家	2
ün-wông	冤枉	2
üong	永	31
üong-feh	永弗	1
üong-feh-si	永弗死	1
üong-foh	永福	2
üong-foh-go	永福個	1
üong-kwu	永古	2
üong-kwu-tsʽin-tsʽiu	永古千秋	5
üong-sang	永生	4
üong-sang-üong-si	永生永世	1
üong-seng-ts	永生之	1
üong-shü	永世	2
üong-si	永世	5
üong-weh	永活	6
üong-weh-go	永活個	2
üong-yün	永遠	70
üong-yün-go	永遠個	1
üong-ʽo	永禍	2
üô-meng	亞們	1
üô-pah-lah-hen	亞伯拉罕	4
üô-pah-lah-hen-go	亞伯拉罕個	1
üô-pô	亞巴	1
üô-tông	亞當	1
ʽa-ts	鞋子	1
ʽah	狹	1
ʽah-li	何裏	2
ʽah-tsah	狹窄	1
ʽah-tsah-go	狹窄個	1
ʽah-tsʽah	狹拆	1
ʽah-ʽah-go	狹狹個	1
ʽang	行	3
ʽang-i-dong-zing	行意動靜	2
ʽang-kʽæ	行開	1
ʽang-ts	行仔	1
ʽang-we	行爲	4
ʽao-dong	號筒	1
ʽao-li-da-kʽoh	號淚大哭	1
ʽao-ling	號令	9
ʽao-sao	豪𢜶	3
ʽao-vu	毫無	20
ʽao-vu-keng-kæ	毫無更改	4
ʽeh	合	1
ʽeh-gyüing	合羣	1
ʽeh-i	合意	3
ʽeh-kô	合家	1
ʽeh-kʽeo	合口	7
ʽeh-kʽeo-zi-dong	合口齊動	7
ʽeh-long	合攏	2
ʽeh-r	合而	1
ʽen	汗	2
ʽen-di	咸地	1
ʽen-tao-cʽü	咸到處	1
ʽen-tʽin-ʽô	咸天下	1
ʽeo	厚	2
ʽeo	候	1
ʽeo-deo	後頭	1
ʽeo-dæ	後代	5
ʽeo-kyʽi-lih	候氣力	1
ʽeo-læ	後來	2
ʽo	禍	10
ʽo	和	2
ʽo-feh	何弗	6
ʽo-feh	禍弗	1
ʽo-foh	禍福	2
ʽo-hao	和好	2
ʽo-jün	和然	9
ʽo-kô	和家	1
ʽo-kông	河江	2
ʽo-moh	和睦	1
ʽo-pih	何必	1
ʽo-pin	河邊	1
ʽo-se	禍祟	8
ʽo-sæn-nah	和散那	5
ʽo-tsæ	禍災	4
ʽo-yüong	何用	3
ʽoh	或	1
ʽoh-ko	學過	1
ʽoh-ze	獲罪	1
ʽong-eng	宏恩	8
ʽong-hæ	紅海	1
ʽong-hæ-li	紅海裏	1
ʽæ	害	14
ʽæn-lôh	陷落	3
ʽô	下	2
ʽô-si	下世	5
ʽô-ti	下底	1
ʽô-tsao	下遭	1
ʽô-tʽin	夏天	1
ʽô-zin	下賤	1
ʽôh	或	20
ʽôh	學	2
ʽôh-fu	或富	1
ʽôh-jih	學習	1
ʽôh-kwe	或貴	1
ʽôh-tsia	或者	5
ʽôh-veng	學問	2
